Model,Scenario,Region,Variable,Unit,Year,Value
FORECAST-Sites,Scenario 6,Spain,Price|Secondary Energy|Electricity,EUR/GJ,2015,19.4444
FORECAST-Sites,Scenario 6,Spain,Price|Secondary Energy|Electricity,EUR/GJ,2016,19.4444
FORECAST-Sites,Scenario 6,Spain,Price|Secondary Energy|Electricity,EUR/GJ,2017,19.4444
FORECAST-Sites,Scenario 6,Spain,Price|Secondary Energy|Electricity,EUR/GJ,2018,19.4444
FORECAST-Sites,Scenario 6,Spain,Price|Secondary Energy|Electricity,EUR/GJ,2019,19.4444
FORECAST-Sites,Scenario 6,Spain,Price|Secondary Energy|Electricity,EUR/GJ,2020,19.4444
FORECAST-Sites,Scenario 6,Spain,Price|Secondary Energy|Electricity,EUR/GJ,2021,19.4444
FORECAST-Sites,Scenario 6,Spain,Price|Secondary Energy|Electricity,EUR/GJ,2022,19.4444
FORECAST-Sites,Scenario 6,Spain,Price|Secondary Energy|Electricity,EUR/GJ,2023,19.4444
FORECAST-Sites,Scenario 6,Spain,Price|Secondary Energy|Electricity,EUR/GJ,2024,19.4444
FORECAST-Sites,Scenario 6,Spain,Price|Secondary Energy|Electricity,EUR/GJ,2025,19.4444
FORECAST-Sites,Scenario 6,Spain,Price|Secondary Energy|Electricity,EUR/GJ,2026,19.4444
FORECAST-Sites,Scenario 6,Spain,Price|Secondary Energy|Electricity,EUR/GJ,2027,19.4444
FORECAST-Sites,Scenario 6,Spain,Price|Secondary Energy|Electricity,EUR/GJ,2028,19.4444
FORECAST-Sites,Scenario 6,Spain,Price|Secondary Energy|Electricity,EUR/GJ,2029,19.4444
FORECAST-Sites,Scenario 6,Spain,Price|Secondary Energy|Electricity,EUR/GJ,2030,19.4444
FORECAST-Sites,Scenario 6,Spain,Price|Secondary Energy|Electricity,EUR/GJ,2031,19.4444
FORECAST-Sites,Scenario 6,Spain,Price|Secondary Energy|Electricity,EUR/GJ,2032,19.4444
FORECAST-Sites,Scenario 6,Spain,Price|Secondary Energy|Electricity,EUR/GJ,2033,19.4444
FORECAST-Sites,Scenario 6,Spain,Price|Secondary Energy|Electricity,EUR/GJ,2034,19.4444
FORECAST-Sites,Scenario 6,Spain,Price|Secondary Energy|Electricity,EUR/GJ,2035,19.4444
FORECAST-Sites,Scenario 6,Spain,Price|Secondary Energy|Electricity,EUR/GJ,2036,19.4444
FORECAST-Sites,Scenario 6,Spain,Price|Secondary Energy|Electricity,EUR/GJ,2037,19.4444
FORECAST-Sites,Scenario 6,Spain,Price|Secondary Energy|Electricity,EUR/GJ,2038,19.4444
FORECAST-Sites,Scenario 6,Spain,Price|Secondary Energy|Electricity,EUR/GJ,2039,19.4444
FORECAST-Sites,Scenario 6,Spain,Price|Secondary Energy|Electricity,EUR/GJ,2040,19.4444
FORECAST-Sites,Scenario 6,Spain,Price|Secondary Energy|Electricity,EUR/GJ,2041,19.4444
FORECAST-Sites,Scenario 6,Spain,Price|Secondary Energy|Electricity,EUR/GJ,2042,19.4444
FORECAST-Sites,Scenario 6,Spain,Price|Secondary Energy|Electricity,EUR/GJ,2043,19.4444
FORECAST-Sites,Scenario 6,Spain,Price|Secondary Energy|Electricity,EUR/GJ,2044,19.4444
FORECAST-Sites,Scenario 6,Spain,Price|Secondary Energy|Electricity,EUR/GJ,2045,19.4444
FORECAST-Sites,Scenario 6,Spain,Price|Secondary Energy|Electricity,EUR/GJ,2046,19.4444
FORECAST-Sites,Scenario 6,Spain,Price|Secondary Energy|Electricity,EUR/GJ,2047,19.4444
FORECAST-Sites,Scenario 6,Spain,Price|Secondary Energy|Electricity,EUR/GJ,2048,19.4444
FORECAST-Sites,Scenario 6,Spain,Price|Secondary Energy|Electricity,EUR/GJ,2049,19.4444
FORECAST-Sites,Scenario 6,Spain,Price|Secondary Energy|Electricity,EUR/GJ,2050,19.4444
FORECAST-Sites,Scenario 6,Spain,Price|Secondary Energy|Liquids|Oil,EUR/GJ,2015,12.0
FORECAST-Sites,Scenario 6,Spain,Price|Secondary Energy|Liquids|Oil,EUR/GJ,2016,12.0
FORECAST-Sites,Scenario 6,Spain,Price|Secondary Energy|Liquids|Oil,EUR/GJ,2017,12.0
FORECAST-Sites,Scenario 6,Spain,Price|Secondary Energy|Liquids|Oil,EUR/GJ,2018,12.0
FORECAST-Sites,Scenario 6,Spain,Price|Secondary Energy|Liquids|Oil,EUR/GJ,2019,12.0
FORECAST-Sites,Scenario 6,Spain,Price|Secondary Energy|Liquids|Oil,EUR/GJ,2020,12.0
FORECAST-Sites,Scenario 6,Spain,Price|Secondary Energy|Liquids|Oil,EUR/GJ,2021,12.0
FORECAST-Sites,Scenario 6,Spain,Price|Secondary Energy|Liquids|Oil,EUR/GJ,2022,12.0
FORECAST-Sites,Scenario 6,Spain,Price|Secondary Energy|Liquids|Oil,EUR/GJ,2023,12.0
FORECAST-Sites,Scenario 6,Spain,Price|Secondary Energy|Liquids|Oil,EUR/GJ,2024,12.0
FORECAST-Sites,Scenario 6,Spain,Price|Secondary Energy|Liquids|Oil,EUR/GJ,2025,12.0
FORECAST-Sites,Scenario 6,Spain,Price|Secondary Energy|Liquids|Oil,EUR/GJ,2026,11.44
FORECAST-Sites,Scenario 6,Spain,Price|Secondary Energy|Liquids|Oil,EUR/GJ,2027,11.84
FORECAST-Sites,Scenario 6,Spain,Price|Secondary Energy|Liquids|Oil,EUR/GJ,2028,11.68
FORECAST-Sites,Scenario 6,Spain,Price|Secondary Energy|Liquids|Oil,EUR/GJ,2029,11.76
FORECAST-Sites,Scenario 6,Spain,Price|Secondary Energy|Liquids|Oil,EUR/GJ,2030,12.16
FORECAST-Sites,Scenario 6,Spain,Price|Secondary Energy|Liquids|Oil,EUR/GJ,2031,12.48
FORECAST-Sites,Scenario 6,Spain,Price|Secondary Energy|Liquids|Oil,EUR/GJ,2032,12.64
FORECAST-Sites,Scenario 6,Spain,Price|Secondary Energy|Liquids|Oil,EUR/GJ,2033,12.4
FORECAST-Sites,Scenario 6,Spain,Price|Secondary Energy|Liquids|Oil,EUR/GJ,2034,12.24
FORECAST-Sites,Scenario 6,Spain,Price|Secondary Energy|Liquids|Oil,EUR/GJ,2035,12.08
FORECAST-Sites,Scenario 6,Spain,Price|Secondary Energy|Liquids|Oil,EUR/GJ,2036,12.0
FORECAST-Sites,Scenario 6,Spain,Price|Secondary Energy|Liquids|Oil,EUR/GJ,2037,11.92
FORECAST-Sites,Scenario 6,Spain,Price|Secondary Energy|Liquids|Oil,EUR/GJ,2038,11.84
FORECAST-Sites,Scenario 6,Spain,Price|Secondary Energy|Liquids|Oil,EUR/GJ,2039,11.76
FORECAST-Sites,Scenario 6,Spain,Price|Secondary Energy|Liquids|Oil,EUR/GJ,2040,11.68
FORECAST-Sites,Scenario 6,Spain,Price|Secondary Energy|Liquids|Oil,EUR/GJ,2041,11.6
FORECAST-Sites,Scenario 6,Spain,Price|Secondary Energy|Liquids|Oil,EUR/GJ,2042,11.52
FORECAST-Sites,Scenario 6,Spain,Price|Secondary Energy|Liquids|Oil,EUR/GJ,2043,11.52
FORECAST-Sites,Scenario 6,Spain,Price|Secondary Energy|Liquids|Oil,EUR/GJ,2044,11.44
FORECAST-Sites,Scenario 6,Spain,Price|Secondary Energy|Liquids|Oil,EUR/GJ,2045,11.44
FORECAST-Sites,Scenario 6,Spain,Price|Secondary Energy|Liquids|Oil,EUR/GJ,2046,11.44
FORECAST-Sites,Scenario 6,Spain,Price|Secondary Energy|Liquids|Oil,EUR/GJ,2047,11.44
FORECAST-Sites,Scenario 6,Spain,Price|Secondary Energy|Liquids|Oil,EUR/GJ,2048,11.44
FORECAST-Sites,Scenario 6,Spain,Price|Secondary Energy|Liquids|Oil,EUR/GJ,2049,11.44
FORECAST-Sites,Scenario 6,Spain,Price|Secondary Energy|Liquids|Oil,EUR/GJ,2050,11.44
FORECAST-Sites,Scenario 6,Spain,Price|Secondary Energy|Solids|Coal,EUR/GJ,2015,9.722222222
FORECAST-Sites,Scenario 6,Spain,Price|Secondary Energy|Solids|Coal,EUR/GJ,2016,9.722222222
FORECAST-Sites,Scenario 6,Spain,Price|Secondary Energy|Solids|Coal,EUR/GJ,2017,9.722222222
FORECAST-Sites,Scenario 6,Spain,Price|Secondary Energy|Solids|Coal,EUR/GJ,2018,9.722222222
FORECAST-Sites,Scenario 6,Spain,Price|Secondary Energy|Solids|Coal,EUR/GJ,2019,9.722222222
FORECAST-Sites,Scenario 6,Spain,Price|Secondary Energy|Solids|Coal,EUR/GJ,2020,9.722222222
FORECAST-Sites,Scenario 6,Spain,Price|Secondary Energy|Solids|Coal,EUR/GJ,2021,9.722222222
FORECAST-Sites,Scenario 6,Spain,Price|Secondary Energy|Solids|Coal,EUR/GJ,2022,9.722222222
FORECAST-Sites,Scenario 6,Spain,Price|Secondary Energy|Solids|Coal,EUR/GJ,2023,9.722222222
FORECAST-Sites,Scenario 6,Spain,Price|Secondary Energy|Solids|Coal,EUR/GJ,2024,9.722222222
FORECAST-Sites,Scenario 6,Spain,Price|Secondary Energy|Solids|Coal,EUR/GJ,2025,9.722222222
FORECAST-Sites,Scenario 6,Spain,Price|Secondary Energy|Solids|Coal,EUR/GJ,2026,9.916666667
FORECAST-Sites,Scenario 6,Spain,Price|Secondary Energy|Solids|Coal,EUR/GJ,2027,10.11111111
FORECAST-Sites,Scenario 6,Spain,Price|Secondary Energy|Solids|Coal,EUR/GJ,2028,10.30555556
FORECAST-Sites,Scenario 6,Spain,Price|Secondary Energy|Solids|Coal,EUR/GJ,2029,10.5
FORECAST-Sites,Scenario 6,Spain,Price|Secondary Energy|Solids|Coal,EUR/GJ,2030,10.69444444
FORECAST-Sites,Scenario 6,Spain,Price|Secondary Energy|Solids|Coal,EUR/GJ,2031,10.78755556
FORECAST-Sites,Scenario 6,Spain,Price|Secondary Energy|Solids|Coal,EUR/GJ,2032,10.88066667
FORECAST-Sites,Scenario 6,Spain,Price|Secondary Energy|Solids|Coal,EUR/GJ,2033,10.97377778
FORECAST-Sites,Scenario 6,Spain,Price|Secondary Energy|Solids|Coal,EUR/GJ,2034,11.06688889
FORECAST-Sites,Scenario 6,Spain,Price|Secondary Energy|Solids|Coal,EUR/GJ,2035,11.16
FORECAST-Sites,Scenario 6,Spain,Price|Secondary Energy|Solids|Coal,EUR/GJ,2036,11.088
FORECAST-Sites,Scenario 6,Spain,Price|Secondary Energy|Solids|Coal,EUR/GJ,2037,11.016
FORECAST-Sites,Scenario 6,Spain,Price|Secondary Energy|Solids|Coal,EUR/GJ,2038,10.944
FORECAST-Sites,Scenario 6,Spain,Price|Secondary Energy|Solids|Coal,EUR/GJ,2039,10.872
FORECAST-Sites,Scenario 6,Spain,Price|Secondary Energy|Solids|Coal,EUR/GJ,2040,10.8
FORECAST-Sites,Scenario 6,Spain,Price|Secondary Energy|Solids|Coal,EUR/GJ,2041,10.728
FORECAST-Sites,Scenario 6,Spain,Price|Secondary Energy|Solids|Coal,EUR/GJ,2042,10.656
FORECAST-Sites,Scenario 6,Spain,Price|Secondary Energy|Solids|Coal,EUR/GJ,2043,10.584
FORECAST-Sites,Scenario 6,Spain,Price|Secondary Energy|Solids|Coal,EUR/GJ,2044,10.512
FORECAST-Sites,Scenario 6,Spain,Price|Secondary Energy|Solids|Coal,EUR/GJ,2045,10.44
FORECAST-Sites,Scenario 6,Spain,Price|Secondary Energy|Solids|Coal,EUR/GJ,2046,10.44
FORECAST-Sites,Scenario 6,Spain,Price|Secondary Energy|Solids|Coal,EUR/GJ,2047,10.44
FORECAST-Sites,Scenario 6,Spain,Price|Secondary Energy|Solids|Coal,EUR/GJ,2048,10.44
FORECAST-Sites,Scenario 6,Spain,Price|Secondary Energy|Solids|Coal,EUR/GJ,2049,10.44
FORECAST-Sites,Scenario 6,Spain,Price|Secondary Energy|Solids|Coal,EUR/GJ,2050,10.44
FORECAST-Sites,Scenario 6,Spain,Price|Secondary Energy|Gases|Gas,EUR/GJ,2015,12.8055
FORECAST-Sites,Scenario 6,Spain,Price|Secondary Energy|Gases|Gas,EUR/GJ,2016,12.8055
FORECAST-Sites,Scenario 6,Spain,Price|Secondary Energy|Gases|Gas,EUR/GJ,2017,12.8055
FORECAST-Sites,Scenario 6,Spain,Price|Secondary Energy|Gases|Gas,EUR/GJ,2018,12.8055
FORECAST-Sites,Scenario 6,Spain,Price|Secondary Energy|Gases|Gas,EUR/GJ,2019,12.8055
FORECAST-Sites,Scenario 6,Spain,Price|Secondary Energy|Gases|Gas,EUR/GJ,2020,12.8055
FORECAST-Sites,Scenario 6,Spain,Price|Secondary Energy|Gases|Gas,EUR/GJ,2021,12.8055
FORECAST-Sites,Scenario 6,Spain,Price|Secondary Energy|Gases|Gas,EUR/GJ,2022,12.8055
FORECAST-Sites,Scenario 6,Spain,Price|Secondary Energy|Gases|Gas,EUR/GJ,2023,12.8055
FORECAST-Sites,Scenario 6,Spain,Price|Secondary Energy|Gases|Gas,EUR/GJ,2024,12.8055
FORECAST-Sites,Scenario 6,Spain,Price|Secondary Energy|Gases|Gas,EUR/GJ,2025,12.8055
FORECAST-Sites,Scenario 6,Spain,Price|Secondary Energy|Gases|Gas,EUR/GJ,2026,12.8055
FORECAST-Sites,Scenario 6,Spain,Price|Secondary Energy|Gases|Gas,EUR/GJ,2027,12.8055
FORECAST-Sites,Scenario 6,Spain,Price|Secondary Energy|Gases|Gas,EUR/GJ,2028,12.8055
FORECAST-Sites,Scenario 6,Spain,Price|Secondary Energy|Gases|Gas,EUR/GJ,2029,12.8055
FORECAST-Sites,Scenario 6,Spain,Price|Secondary Energy|Gases|Gas,EUR/GJ,2030,12.8055
FORECAST-Sites,Scenario 6,Spain,Price|Secondary Energy|Gases|Gas,EUR/GJ,2031,12.8055
FORECAST-Sites,Scenario 6,Spain,Price|Secondary Energy|Gases|Gas,EUR/GJ,2032,12.8055
FORECAST-Sites,Scenario 6,Spain,Price|Secondary Energy|Gases|Gas,EUR/GJ,2033,12.8055
FORECAST-Sites,Scenario 6,Spain,Price|Secondary Energy|Gases|Gas,EUR/GJ,2034,12.8055
FORECAST-Sites,Scenario 6,Spain,Price|Secondary Energy|Gases|Gas,EUR/GJ,2035,12.8055
FORECAST-Sites,Scenario 6,Spain,Price|Secondary Energy|Gases|Gas,EUR/GJ,2036,12.8055
FORECAST-Sites,Scenario 6,Spain,Price|Secondary Energy|Gases|Gas,EUR/GJ,2037,12.8055
FORECAST-Sites,Scenario 6,Spain,Price|Secondary Energy|Gases|Gas,EUR/GJ,2038,12.8055
FORECAST-Sites,Scenario 6,Spain,Price|Secondary Energy|Gases|Gas,EUR/GJ,2039,12.8055
FORECAST-Sites,Scenario 6,Spain,Price|Secondary Energy|Gases|Gas,EUR/GJ,2040,12.8055
FORECAST-Sites,Scenario 6,Spain,Price|Secondary Energy|Gases|Gas,EUR/GJ,2041,12.8055
FORECAST-Sites,Scenario 6,Spain,Price|Secondary Energy|Gases|Gas,EUR/GJ,2042,12.8055
FORECAST-Sites,Scenario 6,Spain,Price|Secondary Energy|Gases|Gas,EUR/GJ,2043,12.8055
FORECAST-Sites,Scenario 6,Spain,Price|Secondary Energy|Gases|Gas,EUR/GJ,2044,12.8055
FORECAST-Sites,Scenario 6,Spain,Price|Secondary Energy|Gases|Gas,EUR/GJ,2045,12.8055
FORECAST-Sites,Scenario 6,Spain,Price|Secondary Energy|Gases|Gas,EUR/GJ,2046,12.8055
FORECAST-Sites,Scenario 6,Spain,Price|Secondary Energy|Gases|Gas,EUR/GJ,2047,12.8055
FORECAST-Sites,Scenario 6,Spain,Price|Secondary Energy|Gases|Gas,EUR/GJ,2048,12.8055
FORECAST-Sites,Scenario 6,Spain,Price|Secondary Energy|Gases|Gas,EUR/GJ,2049,12.8055
FORECAST-Sites,Scenario 6,Spain,Price|Secondary Energy|Gases|Gas,EUR/GJ,2050,12.8055
FORECAST-Sites,Scenario 6,Spain,Price|Secondary Energy|Solids|Biomass,EUR/GJ,2015,10.44
FORECAST-Sites,Scenario 6,Spain,Price|Secondary Energy|Solids|Biomass,EUR/GJ,2016,10.44
FORECAST-Sites,Scenario 6,Spain,Price|Secondary Energy|Solids|Biomass,EUR/GJ,2017,10.44
FORECAST-Sites,Scenario 6,Spain,Price|Secondary Energy|Solids|Biomass,EUR/GJ,2018,10.44
FORECAST-Sites,Scenario 6,Spain,Price|Secondary Energy|Solids|Biomass,EUR/GJ,2019,10.44
FORECAST-Sites,Scenario 6,Spain,Price|Secondary Energy|Solids|Biomass,EUR/GJ,2020,10.44
FORECAST-Sites,Scenario 6,Spain,Price|Secondary Energy|Solids|Biomass,EUR/GJ,2021,10.44
FORECAST-Sites,Scenario 6,Spain,Price|Secondary Energy|Solids|Biomass,EUR/GJ,2022,10.44
FORECAST-Sites,Scenario 6,Spain,Price|Secondary Energy|Solids|Biomass,EUR/GJ,2023,10.44
FORECAST-Sites,Scenario 6,Spain,Price|Secondary Energy|Solids|Biomass,EUR/GJ,2024,10.44
FORECAST-Sites,Scenario 6,Spain,Price|Secondary Energy|Solids|Biomass,EUR/GJ,2025,10.44
FORECAST-Sites,Scenario 6,Spain,Price|Secondary Energy|Solids|Biomass,EUR/GJ,2026,10.6488
FORECAST-Sites,Scenario 6,Spain,Price|Secondary Energy|Solids|Biomass,EUR/GJ,2027,10.81584
FORECAST-Sites,Scenario 6,Spain,Price|Secondary Energy|Solids|Biomass,EUR/GJ,2028,10.949472
FORECAST-Sites,Scenario 6,Spain,Price|Secondary Energy|Solids|Biomass,EUR/GJ,2029,11.0563776
FORECAST-Sites,Scenario 6,Spain,Price|Secondary Energy|Solids|Biomass,EUR/GJ,2030,11.14190208
FORECAST-Sites,Scenario 6,Spain,Price|Secondary Energy|Solids|Biomass,EUR/GJ,2031,11.21032166
FORECAST-Sites,Scenario 6,Spain,Price|Secondary Energy|Solids|Biomass,EUR/GJ,2032,11.26505733
FORECAST-Sites,Scenario 6,Spain,Price|Secondary Energy|Solids|Biomass,EUR/GJ,2033,11.30884586
FORECAST-Sites,Scenario 6,Spain,Price|Secondary Energy|Solids|Biomass,EUR/GJ,2034,11.34387669
FORECAST-Sites,Scenario 6,Spain,Price|Secondary Energy|Solids|Biomass,EUR/GJ,2035,11.37190135
FORECAST-Sites,Scenario 6,Spain,Price|Secondary Energy|Solids|Biomass,EUR/GJ,2036,11.39432108
FORECAST-Sites,Scenario 6,Spain,Price|Secondary Energy|Solids|Biomass,EUR/GJ,2037,11.41225687
FORECAST-Sites,Scenario 6,Spain,Price|Secondary Energy|Solids|Biomass,EUR/GJ,2038,11.42660549
FORECAST-Sites,Scenario 6,Spain,Price|Secondary Energy|Solids|Biomass,EUR/GJ,2039,11.43808439
FORECAST-Sites,Scenario 6,Spain,Price|Secondary Energy|Solids|Biomass,EUR/GJ,2040,11.44726752
FORECAST-Sites,Scenario 6,Spain,Price|Secondary Energy|Solids|Biomass,EUR/GJ,2041,11.45461401
FORECAST-Sites,Scenario 6,Spain,Price|Secondary Energy|Solids|Biomass,EUR/GJ,2042,11.46049121
FORECAST-Sites,Scenario 6,Spain,Price|Secondary Energy|Solids|Biomass,EUR/GJ,2043,11.46519297
FORECAST-Sites,Scenario 6,Spain,Price|Secondary Energy|Solids|Biomass,EUR/GJ,2044,11.46895437
FORECAST-Sites,Scenario 6,Spain,Price|Secondary Energy|Solids|Biomass,EUR/GJ,2045,11.484
FORECAST-Sites,Scenario 6,Spain,Price|Secondary Energy|Solids|Biomass,EUR/GJ,2046,11.484
FORECAST-Sites,Scenario 6,Spain,Price|Secondary Energy|Solids|Biomass,EUR/GJ,2047,11.484
FORECAST-Sites,Scenario 6,Spain,Price|Secondary Energy|Solids|Biomass,EUR/GJ,2048,11.484
FORECAST-Sites,Scenario 6,Spain,Price|Secondary Energy|Solids|Biomass,EUR/GJ,2049,11.484
FORECAST-Sites,Scenario 6,Spain,Price|Secondary Energy|Solids|Biomass,EUR/GJ,2050,11.484
FORECAST-Sites,Scenario 6,Spain,Price|Secondary Energy|Heat|Solar,EUR/GJ,2015,0.0
FORECAST-Sites,Scenario 6,Spain,Price|Secondary Energy|Heat|Solar,EUR/GJ,2016,0.0
FORECAST-Sites,Scenario 6,Spain,Price|Secondary Energy|Heat|Solar,EUR/GJ,2017,0.0
FORECAST-Sites,Scenario 6,Spain,Price|Secondary Energy|Heat|Solar,EUR/GJ,2018,0.0
FORECAST-Sites,Scenario 6,Spain,Price|Secondary Energy|Heat|Solar,EUR/GJ,2019,0.0
FORECAST-Sites,Scenario 6,Spain,Price|Secondary Energy|Heat|Solar,EUR/GJ,2020,0.0
FORECAST-Sites,Scenario 6,Spain,Price|Secondary Energy|Heat|Solar,EUR/GJ,2021,0.0
FORECAST-Sites,Scenario 6,Spain,Price|Secondary Energy|Heat|Solar,EUR/GJ,2022,0.0
FORECAST-Sites,Scenario 6,Spain,Price|Secondary Energy|Heat|Solar,EUR/GJ,2023,0.0
FORECAST-Sites,Scenario 6,Spain,Price|Secondary Energy|Heat|Solar,EUR/GJ,2024,0.0
FORECAST-Sites,Scenario 6,Spain,Price|Secondary Energy|Heat|Solar,EUR/GJ,2025,0.0
FORECAST-Sites,Scenario 6,Spain,Price|Secondary Energy|Heat|Solar,EUR/GJ,2026,0.0
FORECAST-Sites,Scenario 6,Spain,Price|Secondary Energy|Heat|Solar,EUR/GJ,2027,0.0
FORECAST-Sites,Scenario 6,Spain,Price|Secondary Energy|Heat|Solar,EUR/GJ,2028,0.0
FORECAST-Sites,Scenario 6,Spain,Price|Secondary Energy|Heat|Solar,EUR/GJ,2029,0.0
FORECAST-Sites,Scenario 6,Spain,Price|Secondary Energy|Heat|Solar,EUR/GJ,2030,0.0
FORECAST-Sites,Scenario 6,Spain,Price|Secondary Energy|Heat|Solar,EUR/GJ,2031,0.0
FORECAST-Sites,Scenario 6,Spain,Price|Secondary Energy|Heat|Solar,EUR/GJ,2032,0.0
FORECAST-Sites,Scenario 6,Spain,Price|Secondary Energy|Heat|Solar,EUR/GJ,2033,0.0
FORECAST-Sites,Scenario 6,Spain,Price|Secondary Energy|Heat|Solar,EUR/GJ,2034,0.0
FORECAST-Sites,Scenario 6,Spain,Price|Secondary Energy|Heat|Solar,EUR/GJ,2035,0.0
FORECAST-Sites,Scenario 6,Spain,Price|Secondary Energy|Heat|Solar,EUR/GJ,2036,0.0
FORECAST-Sites,Scenario 6,Spain,Price|Secondary Energy|Heat|Solar,EUR/GJ,2037,0.0
FORECAST-Sites,Scenario 6,Spain,Price|Secondary Energy|Heat|Solar,EUR/GJ,2038,0.0
FORECAST-Sites,Scenario 6,Spain,Price|Secondary Energy|Heat|Solar,EUR/GJ,2039,0.0
FORECAST-Sites,Scenario 6,Spain,Price|Secondary Energy|Heat|Solar,EUR/GJ,2040,0.0
FORECAST-Sites,Scenario 6,Spain,Price|Secondary Energy|Heat|Solar,EUR/GJ,2041,0.0
FORECAST-Sites,Scenario 6,Spain,Price|Secondary Energy|Heat|Solar,EUR/GJ,2042,0.0
FORECAST-Sites,Scenario 6,Spain,Price|Secondary Energy|Heat|Solar,EUR/GJ,2043,0.0
FORECAST-Sites,Scenario 6,Spain,Price|Secondary Energy|Heat|Solar,EUR/GJ,2044,0.0
FORECAST-Sites,Scenario 6,Spain,Price|Secondary Energy|Heat|Solar,EUR/GJ,2045,0.0
FORECAST-Sites,Scenario 6,Spain,Price|Secondary Energy|Heat|Solar,EUR/GJ,2046,0.0
FORECAST-Sites,Scenario 6,Spain,Price|Secondary Energy|Heat|Solar,EUR/GJ,2047,0.0
FORECAST-Sites,Scenario 6,Spain,Price|Secondary Energy|Heat|Solar,EUR/GJ,2048,0.0
FORECAST-Sites,Scenario 6,Spain,Price|Secondary Energy|Heat|Solar,EUR/GJ,2049,0.0
FORECAST-Sites,Scenario 6,Spain,Price|Secondary Energy|Heat|Solar,EUR/GJ,2050,0.0
FORECAST-Sites,Scenario 6,Spain,Price|Secondary Energy|Hydrogen,EUR/GJ,2015,45.38517884
FORECAST-Sites,Scenario 6,Spain,Price|Secondary Energy|Hydrogen,EUR/GJ,2016,45.38517884
FORECAST-Sites,Scenario 6,Spain,Price|Secondary Energy|Hydrogen,EUR/GJ,2017,45.38517884
FORECAST-Sites,Scenario 6,Spain,Price|Secondary Energy|Hydrogen,EUR/GJ,2018,45.38517884
FORECAST-Sites,Scenario 6,Spain,Price|Secondary Energy|Hydrogen,EUR/GJ,2019,45.38517884
FORECAST-Sites,Scenario 6,Spain,Price|Secondary Energy|Hydrogen,EUR/GJ,2020,45.38517884
FORECAST-Sites,Scenario 6,Spain,Price|Secondary Energy|Hydrogen,EUR/GJ,2021,45.38517884
FORECAST-Sites,Scenario 6,Spain,Price|Secondary Energy|Hydrogen,EUR/GJ,2022,45.38517884
FORECAST-Sites,Scenario 6,Spain,Price|Secondary Energy|Hydrogen,EUR/GJ,2023,45.38517884
FORECAST-Sites,Scenario 6,Spain,Price|Secondary Energy|Hydrogen,EUR/GJ,2024,45.38517884
FORECAST-Sites,Scenario 6,Spain,Price|Secondary Energy|Hydrogen,EUR/GJ,2025,45.38517884
FORECAST-Sites,Scenario 6,Spain,Price|Secondary Energy|Hydrogen,EUR/GJ,2026,42.7894343
FORECAST-Sites,Scenario 6,Spain,Price|Secondary Energy|Hydrogen,EUR/GJ,2027,40.19368975
FORECAST-Sites,Scenario 6,Spain,Price|Secondary Energy|Hydrogen,EUR/GJ,2028,37.59794521
FORECAST-Sites,Scenario 6,Spain,Price|Secondary Energy|Hydrogen,EUR/GJ,2029,35.00220066
FORECAST-Sites,Scenario 6,Spain,Price|Secondary Energy|Hydrogen,EUR/GJ,2030,32.40645611
FORECAST-Sites,Scenario 6,Spain,Price|Secondary Energy|Hydrogen,EUR/GJ,2031,31.25526383
FORECAST-Sites,Scenario 6,Spain,Price|Secondary Energy|Hydrogen,EUR/GJ,2032,30.10407154
FORECAST-Sites,Scenario 6,Spain,Price|Secondary Energy|Hydrogen,EUR/GJ,2033,28.95287925
FORECAST-Sites,Scenario 6,Spain,Price|Secondary Energy|Hydrogen,EUR/GJ,2034,27.80168696
FORECAST-Sites,Scenario 6,Spain,Price|Secondary Energy|Hydrogen,EUR/GJ,2035,26.65049467
FORECAST-Sites,Scenario 6,Spain,Price|Secondary Energy|Hydrogen,EUR/GJ,2036,26.28182395
FORECAST-Sites,Scenario 6,Spain,Price|Secondary Energy|Hydrogen,EUR/GJ,2037,25.91315322
FORECAST-Sites,Scenario 6,Spain,Price|Secondary Energy|Hydrogen,EUR/GJ,2038,25.5444825
FORECAST-Sites,Scenario 6,Spain,Price|Secondary Energy|Hydrogen,EUR/GJ,2039,25.17581177
FORECAST-Sites,Scenario 6,Spain,Price|Secondary Energy|Hydrogen,EUR/GJ,2040,24.80714105
FORECAST-Sites,Scenario 6,Spain,Price|Secondary Energy|Hydrogen,EUR/GJ,2041,24.72922374
FORECAST-Sites,Scenario 6,Spain,Price|Secondary Energy|Hydrogen,EUR/GJ,2042,24.65130644
FORECAST-Sites,Scenario 6,Spain,Price|Secondary Energy|Hydrogen,EUR/GJ,2043,24.57338914
FORECAST-Sites,Scenario 6,Spain,Price|Secondary Energy|Hydrogen,EUR/GJ,2044,24.49547184
FORECAST-Sites,Scenario 6,Spain,Price|Secondary Energy|Hydrogen,EUR/GJ,2045,24.41755454
FORECAST-Sites,Scenario 6,Spain,Price|Secondary Energy|Hydrogen,EUR/GJ,2046,24.41755454
FORECAST-Sites,Scenario 6,Spain,Price|Secondary Energy|Hydrogen,EUR/GJ,2047,24.41755454
FORECAST-Sites,Scenario 6,Spain,Price|Secondary Energy|Hydrogen,EUR/GJ,2048,24.41755454
FORECAST-Sites,Scenario 6,Spain,Price|Secondary Energy|Hydrogen,EUR/GJ,2049,24.41755454
FORECAST-Sites,Scenario 6,Spain,Price|Secondary Energy|Hydrogen,EUR/GJ,2050,24.41755454
FORECAST-Sites,Scenario 6,Spain,Price|Secondary Energy|Liquids|Biomass,EUR/GJ,2015,25.0
FORECAST-Sites,Scenario 6,Spain,Price|Secondary Energy|Liquids|Biomass,EUR/GJ,2016,25.0
FORECAST-Sites,Scenario 6,Spain,Price|Secondary Energy|Liquids|Biomass,EUR/GJ,2017,25.0
FORECAST-Sites,Scenario 6,Spain,Price|Secondary Energy|Liquids|Biomass,EUR/GJ,2018,25.0
FORECAST-Sites,Scenario 6,Spain,Price|Secondary Energy|Liquids|Biomass,EUR/GJ,2019,25.0
FORECAST-Sites,Scenario 6,Spain,Price|Secondary Energy|Liquids|Biomass,EUR/GJ,2020,25.0
FORECAST-Sites,Scenario 6,Spain,Price|Secondary Energy|Liquids|Biomass,EUR/GJ,2021,25.0
FORECAST-Sites,Scenario 6,Spain,Price|Secondary Energy|Liquids|Biomass,EUR/GJ,2022,25.0
FORECAST-Sites,Scenario 6,Spain,Price|Secondary Energy|Liquids|Biomass,EUR/GJ,2023,25.0
FORECAST-Sites,Scenario 6,Spain,Price|Secondary Energy|Liquids|Biomass,EUR/GJ,2024,25.0
FORECAST-Sites,Scenario 6,Spain,Price|Secondary Energy|Liquids|Biomass,EUR/GJ,2025,30.0
FORECAST-Sites,Scenario 6,Spain,Price|Secondary Energy|Liquids|Biomass,EUR/GJ,2026,30.0
FORECAST-Sites,Scenario 6,Spain,Price|Secondary Energy|Liquids|Biomass,EUR/GJ,2027,30.0
FORECAST-Sites,Scenario 6,Spain,Price|Secondary Energy|Liquids|Biomass,EUR/GJ,2028,30.0
FORECAST-Sites,Scenario 6,Spain,Price|Secondary Energy|Liquids|Biomass,EUR/GJ,2029,30.0
FORECAST-Sites,Scenario 6,Spain,Price|Secondary Energy|Liquids|Biomass,EUR/GJ,2030,30.0
FORECAST-Sites,Scenario 6,Spain,Price|Secondary Energy|Liquids|Biomass,EUR/GJ,2031,30.0
FORECAST-Sites,Scenario 6,Spain,Price|Secondary Energy|Liquids|Biomass,EUR/GJ,2032,30.0
FORECAST-Sites,Scenario 6,Spain,Price|Secondary Energy|Liquids|Biomass,EUR/GJ,2033,30.0
FORECAST-Sites,Scenario 6,Spain,Price|Secondary Energy|Liquids|Biomass,EUR/GJ,2034,30.0
FORECAST-Sites,Scenario 6,Spain,Price|Secondary Energy|Liquids|Biomass,EUR/GJ,2035,30.0
FORECAST-Sites,Scenario 6,Spain,Price|Secondary Energy|Liquids|Biomass,EUR/GJ,2036,30.0
FORECAST-Sites,Scenario 6,Spain,Price|Secondary Energy|Liquids|Biomass,EUR/GJ,2037,30.0
FORECAST-Sites,Scenario 6,Spain,Price|Secondary Energy|Liquids|Biomass,EUR/GJ,2038,30.0
FORECAST-Sites,Scenario 6,Spain,Price|Secondary Energy|Liquids|Biomass,EUR/GJ,2039,30.0
FORECAST-Sites,Scenario 6,Spain,Price|Secondary Energy|Liquids|Biomass,EUR/GJ,2040,30.0
FORECAST-Sites,Scenario 6,Spain,Price|Secondary Energy|Liquids|Biomass,EUR/GJ,2041,22.0
FORECAST-Sites,Scenario 6,Spain,Price|Secondary Energy|Liquids|Biomass,EUR/GJ,2042,22.0
FORECAST-Sites,Scenario 6,Spain,Price|Secondary Energy|Liquids|Biomass,EUR/GJ,2043,22.0
FORECAST-Sites,Scenario 6,Spain,Price|Secondary Energy|Liquids|Biomass,EUR/GJ,2044,22.0
FORECAST-Sites,Scenario 6,Spain,Price|Secondary Energy|Liquids|Biomass,EUR/GJ,2045,22.0
FORECAST-Sites,Scenario 6,Spain,Price|Secondary Energy|Liquids|Biomass,EUR/GJ,2046,22.0
FORECAST-Sites,Scenario 6,Spain,Price|Secondary Energy|Liquids|Biomass,EUR/GJ,2047,22.0
FORECAST-Sites,Scenario 6,Spain,Price|Secondary Energy|Liquids|Biomass,EUR/GJ,2048,22.0
FORECAST-Sites,Scenario 6,Spain,Price|Secondary Energy|Liquids|Biomass,EUR/GJ,2049,22.0
FORECAST-Sites,Scenario 6,Spain,Price|Secondary Energy|Liquids|Biomass,EUR/GJ,2050,22.0
FORECAST-Sites,Scenario 6,Spain,Subsidies|Secondary Energy|Electricity,EUR/GJ,2025,0.0
FORECAST-Sites,Scenario 6,Spain,Subsidies|Secondary Energy|Electricity,EUR/GJ,2040,0.0
FORECAST-Sites,Scenario 6,Spain,Subsidies|Secondary Energy|Electricity,EUR/GJ,2050,0.0
FORECAST-Sites,Scenario 6,Spain,Subsidies|Secondary Energy|Liquids|Oil,EUR/GJ,2025,0.0
FORECAST-Sites,Scenario 6,Spain,Subsidies|Secondary Energy|Liquids|Oil,EUR/GJ,2040,0.0
FORECAST-Sites,Scenario 6,Spain,Subsidies|Secondary Energy|Liquids|Oil,EUR/GJ,2050,0.0
FORECAST-Sites,Scenario 6,Spain,Subsidies|Secondary Energy|Solids|Coal,EUR/GJ,2025,0.0
FORECAST-Sites,Scenario 6,Spain,Subsidies|Secondary Energy|Solids|Coal,EUR/GJ,2040,0.0
FORECAST-Sites,Scenario 6,Spain,Subsidies|Secondary Energy|Solids|Coal,EUR/GJ,2050,0.0
FORECAST-Sites,Scenario 6,Spain,Subsidies|Secondary Energy|Gases|Gas,EUR/GJ,2025,0.0
FORECAST-Sites,Scenario 6,Spain,Subsidies|Secondary Energy|Gases|Gas,EUR/GJ,2040,0.0
FORECAST-Sites,Scenario 6,Spain,Subsidies|Secondary Energy|Gases|Gas,EUR/GJ,2050,0.0
FORECAST-Sites,Scenario 6,Spain,Subsidies|Secondary Energy|Solids|Biomass,EUR/GJ,2025,0.0
FORECAST-Sites,Scenario 6,Spain,Subsidies|Secondary Energy|Solids|Biomass,EUR/GJ,2040,0.0
FORECAST-Sites,Scenario 6,Spain,Subsidies|Secondary Energy|Solids|Biomass,EUR/GJ,2050,0.0
FORECAST-Sites,Scenario 6,Spain,Subsidies|Secondary Energy|Heat|Solar,EUR/GJ,2025,0.0
FORECAST-Sites,Scenario 6,Spain,Subsidies|Secondary Energy|Heat|Solar,EUR/GJ,2040,0.0
FORECAST-Sites,Scenario 6,Spain,Subsidies|Secondary Energy|Heat|Solar,EUR/GJ,2050,0.0
FORECAST-Sites,Scenario 6,Spain,Subsidies|Secondary Energy|Hydrogen,EUR/GJ,2025,0.0
FORECAST-Sites,Scenario 6,Spain,Subsidies|Secondary Energy|Hydrogen,EUR/GJ,2040,0.0
FORECAST-Sites,Scenario 6,Spain,Subsidies|Secondary Energy|Hydrogen,EUR/GJ,2050,0.0
FORECAST-Sites,Scenario 6,Spain,Subsidies|Secondary Energy|Liquids|Biomass,EUR/GJ,2025,0.0
FORECAST-Sites,Scenario 6,Spain,Subsidies|Secondary Energy|Liquids|Biomass,EUR/GJ,2040,0.0
FORECAST-Sites,Scenario 6,Spain,Subsidies|Secondary Energy|Liquids|Biomass,EUR/GJ,2050,0.0
FORECAST-Sites,Scenario 6,Spain,Taxes|Secondary Energy|Electricity,EUR/GJ,2025,0.0
FORECAST-Sites,Scenario 6,Spain,Taxes|Secondary Energy|Electricity,EUR/GJ,2050,0.0
FORECAST-Sites,Scenario 6,Spain,Taxes|Secondary Energy|Liquids|Oil,EUR/GJ,2025,0.0
FORECAST-Sites,Scenario 6,Spain,Taxes|Secondary Energy|Liquids|Oil,EUR/GJ,2050,0.0
FORECAST-Sites,Scenario 6,Spain,Taxes|Secondary Energy|Solids|Coal,EUR/GJ,2025,0.0
FORECAST-Sites,Scenario 6,Spain,Taxes|Secondary Energy|Solids|Coal,EUR/GJ,2050,0.0
FORECAST-Sites,Scenario 6,Spain,Taxes|Secondary Energy|Gases|Gas,EUR/GJ,2025,0.0
FORECAST-Sites,Scenario 6,Spain,Taxes|Secondary Energy|Gases|Gas,EUR/GJ,2050,0.0
FORECAST-Sites,Scenario 6,Spain,Taxes|Secondary Energy|Solids|Biomass,EUR/GJ,2025,0.0
FORECAST-Sites,Scenario 6,Spain,Taxes|Secondary Energy|Solids|Biomass,EUR/GJ,2050,0.0
FORECAST-Sites,Scenario 6,Spain,Taxes|Secondary Energy|Heat|Solar,EUR/GJ,2025,0.0
FORECAST-Sites,Scenario 6,Spain,Taxes|Secondary Energy|Heat|Solar,EUR/GJ,2050,0.0
FORECAST-Sites,Scenario 6,Spain,Taxes|Secondary Energy|Hydrogen,EUR/GJ,2025,0.0
FORECAST-Sites,Scenario 6,Spain,Taxes|Secondary Energy|Hydrogen,EUR/GJ,2050,0.0
FORECAST-Sites,Scenario 6,Spain,Taxes|Secondary Energy|Liquids|Biomass,EUR/GJ,2025,0.0
FORECAST-Sites,Scenario 6,Spain,Taxes|Secondary Energy|Liquids|Biomass,EUR/GJ,2050,0.0
FORECAST-Sites,Scenario 6,Spain,Secondary Energy|Electricity,EJ/yr,2015,10.0
FORECAST-Sites,Scenario 6,Spain,Secondary Energy|Electricity,EJ/yr,2016,10.0
FORECAST-Sites,Scenario 6,Spain,Secondary Energy|Electricity,EJ/yr,2017,10.0
FORECAST-Sites,Scenario 6,Spain,Secondary Energy|Electricity,EJ/yr,2018,10.0
FORECAST-Sites,Scenario 6,Spain,Secondary Energy|Electricity,EJ/yr,2019,10.0
FORECAST-Sites,Scenario 6,Spain,Secondary Energy|Electricity,EJ/yr,2020,10.0
FORECAST-Sites,Scenario 6,Spain,Secondary Energy|Electricity,EJ/yr,2021,10.0
FORECAST-Sites,Scenario 6,Spain,Secondary Energy|Electricity,EJ/yr,2022,10.0
FORECAST-Sites,Scenario 6,Spain,Secondary Energy|Electricity,EJ/yr,2023,10.0
FORECAST-Sites,Scenario 6,Spain,Secondary Energy|Electricity,EJ/yr,2024,10.0
FORECAST-Sites,Scenario 6,Spain,Secondary Energy|Electricity,EJ/yr,2025,10.0
FORECAST-Sites,Scenario 6,Spain,Secondary Energy|Electricity,EJ/yr,2026,10.0
FORECAST-Sites,Scenario 6,Spain,Secondary Energy|Electricity,EJ/yr,2027,10.0
FORECAST-Sites,Scenario 6,Spain,Secondary Energy|Electricity,EJ/yr,2028,10.0
FORECAST-Sites,Scenario 6,Spain,Secondary Energy|Electricity,EJ/yr,2029,10.0
FORECAST-Sites,Scenario 6,Spain,Secondary Energy|Electricity,EJ/yr,2030,10.0
FORECAST-Sites,Scenario 6,Spain,Secondary Energy|Electricity,EJ/yr,2031,10.0
FORECAST-Sites,Scenario 6,Spain,Secondary Energy|Electricity,EJ/yr,2032,10.0
FORECAST-Sites,Scenario 6,Spain,Secondary Energy|Electricity,EJ/yr,2033,10.0
FORECAST-Sites,Scenario 6,Spain,Secondary Energy|Electricity,EJ/yr,2034,10.0
FORECAST-Sites,Scenario 6,Spain,Secondary Energy|Electricity,EJ/yr,2035,10.0
FORECAST-Sites,Scenario 6,Spain,Secondary Energy|Electricity,EJ/yr,2036,10.0
FORECAST-Sites,Scenario 6,Spain,Secondary Energy|Electricity,EJ/yr,2037,10.0
FORECAST-Sites,Scenario 6,Spain,Secondary Energy|Electricity,EJ/yr,2038,10.0
FORECAST-Sites,Scenario 6,Spain,Secondary Energy|Electricity,EJ/yr,2039,10.0
FORECAST-Sites,Scenario 6,Spain,Secondary Energy|Electricity,EJ/yr,2040,10.0
FORECAST-Sites,Scenario 6,Spain,Secondary Energy|Electricity,EJ/yr,2041,10.0
FORECAST-Sites,Scenario 6,Spain,Secondary Energy|Electricity,EJ/yr,2042,10.0
FORECAST-Sites,Scenario 6,Spain,Secondary Energy|Electricity,EJ/yr,2043,10.0
FORECAST-Sites,Scenario 6,Spain,Secondary Energy|Electricity,EJ/yr,2044,10.0
FORECAST-Sites,Scenario 6,Spain,Secondary Energy|Electricity,EJ/yr,2045,10.0
FORECAST-Sites,Scenario 6,Spain,Secondary Energy|Electricity,EJ/yr,2046,10.0
FORECAST-Sites,Scenario 6,Spain,Secondary Energy|Electricity,EJ/yr,2047,10.0
FORECAST-Sites,Scenario 6,Spain,Secondary Energy|Electricity,EJ/yr,2048,10.0
FORECAST-Sites,Scenario 6,Spain,Secondary Energy|Electricity,EJ/yr,2049,10.0
FORECAST-Sites,Scenario 6,Spain,Secondary Energy|Electricity,EJ/yr,2050,10.0
FORECAST-Sites,Scenario 6,Spain,Secondary Energy|Liquids|Oil,EJ/yr,2015,10.0
FORECAST-Sites,Scenario 6,Spain,Secondary Energy|Liquids|Oil,EJ/yr,2016,10.0
FORECAST-Sites,Scenario 6,Spain,Secondary Energy|Liquids|Oil,EJ/yr,2017,10.0
FORECAST-Sites,Scenario 6,Spain,Secondary Energy|Liquids|Oil,EJ/yr,2018,10.0
FORECAST-Sites,Scenario 6,Spain,Secondary Energy|Liquids|Oil,EJ/yr,2019,10.0
FORECAST-Sites,Scenario 6,Spain,Secondary Energy|Liquids|Oil,EJ/yr,2020,10.0
FORECAST-Sites,Scenario 6,Spain,Secondary Energy|Liquids|Oil,EJ/yr,2021,10.0
FORECAST-Sites,Scenario 6,Spain,Secondary Energy|Liquids|Oil,EJ/yr,2022,10.0
FORECAST-Sites,Scenario 6,Spain,Secondary Energy|Liquids|Oil,EJ/yr,2023,10.0
FORECAST-Sites,Scenario 6,Spain,Secondary Energy|Liquids|Oil,EJ/yr,2024,10.0
FORECAST-Sites,Scenario 6,Spain,Secondary Energy|Liquids|Oil,EJ/yr,2025,10.0
FORECAST-Sites,Scenario 6,Spain,Secondary Energy|Liquids|Oil,EJ/yr,2026,10.0
FORECAST-Sites,Scenario 6,Spain,Secondary Energy|Liquids|Oil,EJ/yr,2027,10.0
FORECAST-Sites,Scenario 6,Spain,Secondary Energy|Liquids|Oil,EJ/yr,2028,10.0
FORECAST-Sites,Scenario 6,Spain,Secondary Energy|Liquids|Oil,EJ/yr,2029,10.0
FORECAST-Sites,Scenario 6,Spain,Secondary Energy|Liquids|Oil,EJ/yr,2030,10.0
FORECAST-Sites,Scenario 6,Spain,Secondary Energy|Liquids|Oil,EJ/yr,2031,10.0
FORECAST-Sites,Scenario 6,Spain,Secondary Energy|Liquids|Oil,EJ/yr,2032,10.0
FORECAST-Sites,Scenario 6,Spain,Secondary Energy|Liquids|Oil,EJ/yr,2033,10.0
FORECAST-Sites,Scenario 6,Spain,Secondary Energy|Liquids|Oil,EJ/yr,2034,10.0
FORECAST-Sites,Scenario 6,Spain,Secondary Energy|Liquids|Oil,EJ/yr,2035,10.0
FORECAST-Sites,Scenario 6,Spain,Secondary Energy|Liquids|Oil,EJ/yr,2036,10.0
FORECAST-Sites,Scenario 6,Spain,Secondary Energy|Liquids|Oil,EJ/yr,2037,10.0
FORECAST-Sites,Scenario 6,Spain,Secondary Energy|Liquids|Oil,EJ/yr,2038,10.0
FORECAST-Sites,Scenario 6,Spain,Secondary Energy|Liquids|Oil,EJ/yr,2039,10.0
FORECAST-Sites,Scenario 6,Spain,Secondary Energy|Liquids|Oil,EJ/yr,2040,10.0
FORECAST-Sites,Scenario 6,Spain,Secondary Energy|Liquids|Oil,EJ/yr,2041,10.0
FORECAST-Sites,Scenario 6,Spain,Secondary Energy|Liquids|Oil,EJ/yr,2042,10.0
FORECAST-Sites,Scenario 6,Spain,Secondary Energy|Liquids|Oil,EJ/yr,2043,10.0
FORECAST-Sites,Scenario 6,Spain,Secondary Energy|Liquids|Oil,EJ/yr,2044,10.0
FORECAST-Sites,Scenario 6,Spain,Secondary Energy|Liquids|Oil,EJ/yr,2045,10.0
FORECAST-Sites,Scenario 6,Spain,Secondary Energy|Liquids|Oil,EJ/yr,2046,10.0
FORECAST-Sites,Scenario 6,Spain,Secondary Energy|Liquids|Oil,EJ/yr,2047,10.0
FORECAST-Sites,Scenario 6,Spain,Secondary Energy|Liquids|Oil,EJ/yr,2048,10.0
FORECAST-Sites,Scenario 6,Spain,Secondary Energy|Liquids|Oil,EJ/yr,2049,10.0
FORECAST-Sites,Scenario 6,Spain,Secondary Energy|Liquids|Oil,EJ/yr,2050,10.0
FORECAST-Sites,Scenario 6,Spain,Secondary Energy|Solids|Coal,EJ/yr,2015,10.0
FORECAST-Sites,Scenario 6,Spain,Secondary Energy|Solids|Coal,EJ/yr,2016,10.0
FORECAST-Sites,Scenario 6,Spain,Secondary Energy|Solids|Coal,EJ/yr,2017,10.0
FORECAST-Sites,Scenario 6,Spain,Secondary Energy|Solids|Coal,EJ/yr,2018,10.0
FORECAST-Sites,Scenario 6,Spain,Secondary Energy|Solids|Coal,EJ/yr,2019,10.0
FORECAST-Sites,Scenario 6,Spain,Secondary Energy|Solids|Coal,EJ/yr,2020,10.0
FORECAST-Sites,Scenario 6,Spain,Secondary Energy|Solids|Coal,EJ/yr,2021,10.0
FORECAST-Sites,Scenario 6,Spain,Secondary Energy|Solids|Coal,EJ/yr,2022,10.0
FORECAST-Sites,Scenario 6,Spain,Secondary Energy|Solids|Coal,EJ/yr,2023,10.0
FORECAST-Sites,Scenario 6,Spain,Secondary Energy|Solids|Coal,EJ/yr,2024,10.0
FORECAST-Sites,Scenario 6,Spain,Secondary Energy|Solids|Coal,EJ/yr,2025,10.0
FORECAST-Sites,Scenario 6,Spain,Secondary Energy|Solids|Coal,EJ/yr,2026,10.0
FORECAST-Sites,Scenario 6,Spain,Secondary Energy|Solids|Coal,EJ/yr,2027,10.0
FORECAST-Sites,Scenario 6,Spain,Secondary Energy|Solids|Coal,EJ/yr,2028,10.0
FORECAST-Sites,Scenario 6,Spain,Secondary Energy|Solids|Coal,EJ/yr,2029,10.0
FORECAST-Sites,Scenario 6,Spain,Secondary Energy|Solids|Coal,EJ/yr,2030,10.0
FORECAST-Sites,Scenario 6,Spain,Secondary Energy|Solids|Coal,EJ/yr,2031,10.0
FORECAST-Sites,Scenario 6,Spain,Secondary Energy|Solids|Coal,EJ/yr,2032,10.0
FORECAST-Sites,Scenario 6,Spain,Secondary Energy|Solids|Coal,EJ/yr,2033,10.0
FORECAST-Sites,Scenario 6,Spain,Secondary Energy|Solids|Coal,EJ/yr,2034,10.0
FORECAST-Sites,Scenario 6,Spain,Secondary Energy|Solids|Coal,EJ/yr,2035,10.0
FORECAST-Sites,Scenario 6,Spain,Secondary Energy|Solids|Coal,EJ/yr,2036,10.0
FORECAST-Sites,Scenario 6,Spain,Secondary Energy|Solids|Coal,EJ/yr,2037,10.0
FORECAST-Sites,Scenario 6,Spain,Secondary Energy|Solids|Coal,EJ/yr,2038,10.0
FORECAST-Sites,Scenario 6,Spain,Secondary Energy|Solids|Coal,EJ/yr,2039,10.0
FORECAST-Sites,Scenario 6,Spain,Secondary Energy|Solids|Coal,EJ/yr,2040,10.0
FORECAST-Sites,Scenario 6,Spain,Secondary Energy|Solids|Coal,EJ/yr,2041,10.0
FORECAST-Sites,Scenario 6,Spain,Secondary Energy|Solids|Coal,EJ/yr,2042,10.0
FORECAST-Sites,Scenario 6,Spain,Secondary Energy|Solids|Coal,EJ/yr,2043,10.0
FORECAST-Sites,Scenario 6,Spain,Secondary Energy|Solids|Coal,EJ/yr,2044,10.0
FORECAST-Sites,Scenario 6,Spain,Secondary Energy|Solids|Coal,EJ/yr,2045,10.0
FORECAST-Sites,Scenario 6,Spain,Secondary Energy|Solids|Coal,EJ/yr,2046,10.0
FORECAST-Sites,Scenario 6,Spain,Secondary Energy|Solids|Coal,EJ/yr,2047,10.0
FORECAST-Sites,Scenario 6,Spain,Secondary Energy|Solids|Coal,EJ/yr,2048,10.0
FORECAST-Sites,Scenario 6,Spain,Secondary Energy|Solids|Coal,EJ/yr,2049,10.0
FORECAST-Sites,Scenario 6,Spain,Secondary Energy|Solids|Coal,EJ/yr,2050,10.0
FORECAST-Sites,Scenario 6,Spain,Secondary Energy|Gases|Gas,EJ/yr,2015,10.0
FORECAST-Sites,Scenario 6,Spain,Secondary Energy|Gases|Gas,EJ/yr,2016,10.0
FORECAST-Sites,Scenario 6,Spain,Secondary Energy|Gases|Gas,EJ/yr,2017,10.0
FORECAST-Sites,Scenario 6,Spain,Secondary Energy|Gases|Gas,EJ/yr,2018,10.0
FORECAST-Sites,Scenario 6,Spain,Secondary Energy|Gases|Gas,EJ/yr,2019,10.0
FORECAST-Sites,Scenario 6,Spain,Secondary Energy|Gases|Gas,EJ/yr,2020,10.0
FORECAST-Sites,Scenario 6,Spain,Secondary Energy|Gases|Gas,EJ/yr,2021,10.0
FORECAST-Sites,Scenario 6,Spain,Secondary Energy|Gases|Gas,EJ/yr,2022,10.0
FORECAST-Sites,Scenario 6,Spain,Secondary Energy|Gases|Gas,EJ/yr,2023,10.0
FORECAST-Sites,Scenario 6,Spain,Secondary Energy|Gases|Gas,EJ/yr,2024,10.0
FORECAST-Sites,Scenario 6,Spain,Secondary Energy|Gases|Gas,EJ/yr,2025,10.0
FORECAST-Sites,Scenario 6,Spain,Secondary Energy|Gases|Gas,EJ/yr,2026,10.0
FORECAST-Sites,Scenario 6,Spain,Secondary Energy|Gases|Gas,EJ/yr,2027,10.0
FORECAST-Sites,Scenario 6,Spain,Secondary Energy|Gases|Gas,EJ/yr,2028,10.0
FORECAST-Sites,Scenario 6,Spain,Secondary Energy|Gases|Gas,EJ/yr,2029,10.0
FORECAST-Sites,Scenario 6,Spain,Secondary Energy|Gases|Gas,EJ/yr,2030,10.0
FORECAST-Sites,Scenario 6,Spain,Secondary Energy|Gases|Gas,EJ/yr,2031,10.0
FORECAST-Sites,Scenario 6,Spain,Secondary Energy|Gases|Gas,EJ/yr,2032,10.0
FORECAST-Sites,Scenario 6,Spain,Secondary Energy|Gases|Gas,EJ/yr,2033,10.0
FORECAST-Sites,Scenario 6,Spain,Secondary Energy|Gases|Gas,EJ/yr,2034,10.0
FORECAST-Sites,Scenario 6,Spain,Secondary Energy|Gases|Gas,EJ/yr,2035,10.0
FORECAST-Sites,Scenario 6,Spain,Secondary Energy|Gases|Gas,EJ/yr,2036,10.0
FORECAST-Sites,Scenario 6,Spain,Secondary Energy|Gases|Gas,EJ/yr,2037,10.0
FORECAST-Sites,Scenario 6,Spain,Secondary Energy|Gases|Gas,EJ/yr,2038,10.0
FORECAST-Sites,Scenario 6,Spain,Secondary Energy|Gases|Gas,EJ/yr,2039,10.0
FORECAST-Sites,Scenario 6,Spain,Secondary Energy|Gases|Gas,EJ/yr,2040,10.0
FORECAST-Sites,Scenario 6,Spain,Secondary Energy|Gases|Gas,EJ/yr,2041,10.0
FORECAST-Sites,Scenario 6,Spain,Secondary Energy|Gases|Gas,EJ/yr,2042,10.0
FORECAST-Sites,Scenario 6,Spain,Secondary Energy|Gases|Gas,EJ/yr,2043,10.0
FORECAST-Sites,Scenario 6,Spain,Secondary Energy|Gases|Gas,EJ/yr,2044,10.0
FORECAST-Sites,Scenario 6,Spain,Secondary Energy|Gases|Gas,EJ/yr,2045,10.0
FORECAST-Sites,Scenario 6,Spain,Secondary Energy|Gases|Gas,EJ/yr,2046,10.0
FORECAST-Sites,Scenario 6,Spain,Secondary Energy|Gases|Gas,EJ/yr,2047,10.0
FORECAST-Sites,Scenario 6,Spain,Secondary Energy|Gases|Gas,EJ/yr,2048,10.0
FORECAST-Sites,Scenario 6,Spain,Secondary Energy|Gases|Gas,EJ/yr,2049,10.0
FORECAST-Sites,Scenario 6,Spain,Secondary Energy|Gases|Gas,EJ/yr,2050,10.0
FORECAST-Sites,Scenario 6,Spain,Secondary Energy|Solids|Biomass,EJ/yr,2015,10.0
FORECAST-Sites,Scenario 6,Spain,Secondary Energy|Solids|Biomass,EJ/yr,2016,10.0
FORECAST-Sites,Scenario 6,Spain,Secondary Energy|Solids|Biomass,EJ/yr,2017,10.0
FORECAST-Sites,Scenario 6,Spain,Secondary Energy|Solids|Biomass,EJ/yr,2018,10.0
FORECAST-Sites,Scenario 6,Spain,Secondary Energy|Solids|Biomass,EJ/yr,2019,10.0
FORECAST-Sites,Scenario 6,Spain,Secondary Energy|Solids|Biomass,EJ/yr,2020,10.0
FORECAST-Sites,Scenario 6,Spain,Secondary Energy|Solids|Biomass,EJ/yr,2021,10.0
FORECAST-Sites,Scenario 6,Spain,Secondary Energy|Solids|Biomass,EJ/yr,2022,10.0
FORECAST-Sites,Scenario 6,Spain,Secondary Energy|Solids|Biomass,EJ/yr,2023,10.0
FORECAST-Sites,Scenario 6,Spain,Secondary Energy|Solids|Biomass,EJ/yr,2024,10.0
FORECAST-Sites,Scenario 6,Spain,Secondary Energy|Solids|Biomass,EJ/yr,2025,10.0
FORECAST-Sites,Scenario 6,Spain,Secondary Energy|Solids|Biomass,EJ/yr,2026,10.0
FORECAST-Sites,Scenario 6,Spain,Secondary Energy|Solids|Biomass,EJ/yr,2027,10.0
FORECAST-Sites,Scenario 6,Spain,Secondary Energy|Solids|Biomass,EJ/yr,2028,10.0
FORECAST-Sites,Scenario 6,Spain,Secondary Energy|Solids|Biomass,EJ/yr,2029,10.0
FORECAST-Sites,Scenario 6,Spain,Secondary Energy|Solids|Biomass,EJ/yr,2030,10.0
FORECAST-Sites,Scenario 6,Spain,Secondary Energy|Solids|Biomass,EJ/yr,2031,10.0
FORECAST-Sites,Scenario 6,Spain,Secondary Energy|Solids|Biomass,EJ/yr,2032,10.0
FORECAST-Sites,Scenario 6,Spain,Secondary Energy|Solids|Biomass,EJ/yr,2033,10.0
FORECAST-Sites,Scenario 6,Spain,Secondary Energy|Solids|Biomass,EJ/yr,2034,10.0
FORECAST-Sites,Scenario 6,Spain,Secondary Energy|Solids|Biomass,EJ/yr,2035,10.0
FORECAST-Sites,Scenario 6,Spain,Secondary Energy|Solids|Biomass,EJ/yr,2036,10.0
FORECAST-Sites,Scenario 6,Spain,Secondary Energy|Solids|Biomass,EJ/yr,2037,10.0
FORECAST-Sites,Scenario 6,Spain,Secondary Energy|Solids|Biomass,EJ/yr,2038,10.0
FORECAST-Sites,Scenario 6,Spain,Secondary Energy|Solids|Biomass,EJ/yr,2039,10.0
FORECAST-Sites,Scenario 6,Spain,Secondary Energy|Solids|Biomass,EJ/yr,2040,10.0
FORECAST-Sites,Scenario 6,Spain,Secondary Energy|Solids|Biomass,EJ/yr,2041,10.0
FORECAST-Sites,Scenario 6,Spain,Secondary Energy|Solids|Biomass,EJ/yr,2042,10.0
FORECAST-Sites,Scenario 6,Spain,Secondary Energy|Solids|Biomass,EJ/yr,2043,10.0
FORECAST-Sites,Scenario 6,Spain,Secondary Energy|Solids|Biomass,EJ/yr,2044,10.0
FORECAST-Sites,Scenario 6,Spain,Secondary Energy|Solids|Biomass,EJ/yr,2045,10.0
FORECAST-Sites,Scenario 6,Spain,Secondary Energy|Solids|Biomass,EJ/yr,2046,10.0
FORECAST-Sites,Scenario 6,Spain,Secondary Energy|Solids|Biomass,EJ/yr,2047,10.0
FORECAST-Sites,Scenario 6,Spain,Secondary Energy|Solids|Biomass,EJ/yr,2048,10.0
FORECAST-Sites,Scenario 6,Spain,Secondary Energy|Solids|Biomass,EJ/yr,2049,10.0
FORECAST-Sites,Scenario 6,Spain,Secondary Energy|Solids|Biomass,EJ/yr,2050,10.0
FORECAST-Sites,Scenario 6,Spain,Secondary Energy|Heat|Solar,EJ/yr,2015,10.0
FORECAST-Sites,Scenario 6,Spain,Secondary Energy|Heat|Solar,EJ/yr,2016,10.0
FORECAST-Sites,Scenario 6,Spain,Secondary Energy|Heat|Solar,EJ/yr,2017,10.0
FORECAST-Sites,Scenario 6,Spain,Secondary Energy|Heat|Solar,EJ/yr,2018,10.0
FORECAST-Sites,Scenario 6,Spain,Secondary Energy|Heat|Solar,EJ/yr,2019,10.0
FORECAST-Sites,Scenario 6,Spain,Secondary Energy|Heat|Solar,EJ/yr,2020,10.0
FORECAST-Sites,Scenario 6,Spain,Secondary Energy|Heat|Solar,EJ/yr,2021,10.0
FORECAST-Sites,Scenario 6,Spain,Secondary Energy|Heat|Solar,EJ/yr,2022,10.0
FORECAST-Sites,Scenario 6,Spain,Secondary Energy|Heat|Solar,EJ/yr,2023,10.0
FORECAST-Sites,Scenario 6,Spain,Secondary Energy|Heat|Solar,EJ/yr,2024,10.0
FORECAST-Sites,Scenario 6,Spain,Secondary Energy|Heat|Solar,EJ/yr,2025,10.0
FORECAST-Sites,Scenario 6,Spain,Secondary Energy|Heat|Solar,EJ/yr,2026,10.0
FORECAST-Sites,Scenario 6,Spain,Secondary Energy|Heat|Solar,EJ/yr,2027,10.0
FORECAST-Sites,Scenario 6,Spain,Secondary Energy|Heat|Solar,EJ/yr,2028,10.0
FORECAST-Sites,Scenario 6,Spain,Secondary Energy|Heat|Solar,EJ/yr,2029,10.0
FORECAST-Sites,Scenario 6,Spain,Secondary Energy|Heat|Solar,EJ/yr,2030,10.0
FORECAST-Sites,Scenario 6,Spain,Secondary Energy|Heat|Solar,EJ/yr,2031,10.0
FORECAST-Sites,Scenario 6,Spain,Secondary Energy|Heat|Solar,EJ/yr,2032,10.0
FORECAST-Sites,Scenario 6,Spain,Secondary Energy|Heat|Solar,EJ/yr,2033,10.0
FORECAST-Sites,Scenario 6,Spain,Secondary Energy|Heat|Solar,EJ/yr,2034,10.0
FORECAST-Sites,Scenario 6,Spain,Secondary Energy|Heat|Solar,EJ/yr,2035,10.0
FORECAST-Sites,Scenario 6,Spain,Secondary Energy|Heat|Solar,EJ/yr,2036,10.0
FORECAST-Sites,Scenario 6,Spain,Secondary Energy|Heat|Solar,EJ/yr,2037,10.0
FORECAST-Sites,Scenario 6,Spain,Secondary Energy|Heat|Solar,EJ/yr,2038,10.0
FORECAST-Sites,Scenario 6,Spain,Secondary Energy|Heat|Solar,EJ/yr,2039,10.0
FORECAST-Sites,Scenario 6,Spain,Secondary Energy|Heat|Solar,EJ/yr,2040,10.0
FORECAST-Sites,Scenario 6,Spain,Secondary Energy|Heat|Solar,EJ/yr,2041,10.0
FORECAST-Sites,Scenario 6,Spain,Secondary Energy|Heat|Solar,EJ/yr,2042,10.0
FORECAST-Sites,Scenario 6,Spain,Secondary Energy|Heat|Solar,EJ/yr,2043,10.0
FORECAST-Sites,Scenario 6,Spain,Secondary Energy|Heat|Solar,EJ/yr,2044,10.0
FORECAST-Sites,Scenario 6,Spain,Secondary Energy|Heat|Solar,EJ/yr,2045,10.0
FORECAST-Sites,Scenario 6,Spain,Secondary Energy|Heat|Solar,EJ/yr,2046,10.0
FORECAST-Sites,Scenario 6,Spain,Secondary Energy|Heat|Solar,EJ/yr,2047,10.0
FORECAST-Sites,Scenario 6,Spain,Secondary Energy|Heat|Solar,EJ/yr,2048,10.0
FORECAST-Sites,Scenario 6,Spain,Secondary Energy|Heat|Solar,EJ/yr,2049,10.0
FORECAST-Sites,Scenario 6,Spain,Secondary Energy|Heat|Solar,EJ/yr,2050,10.0
FORECAST-Sites,Scenario 6,Spain,Secondary Energy|Hydrogen,EJ/yr,2015,10.0
FORECAST-Sites,Scenario 6,Spain,Secondary Energy|Hydrogen,EJ/yr,2016,10.0
FORECAST-Sites,Scenario 6,Spain,Secondary Energy|Hydrogen,EJ/yr,2017,10.0
FORECAST-Sites,Scenario 6,Spain,Secondary Energy|Hydrogen,EJ/yr,2018,10.0
FORECAST-Sites,Scenario 6,Spain,Secondary Energy|Hydrogen,EJ/yr,2019,10.0
FORECAST-Sites,Scenario 6,Spain,Secondary Energy|Hydrogen,EJ/yr,2020,10.0
FORECAST-Sites,Scenario 6,Spain,Secondary Energy|Hydrogen,EJ/yr,2021,10.0
FORECAST-Sites,Scenario 6,Spain,Secondary Energy|Hydrogen,EJ/yr,2022,10.0
FORECAST-Sites,Scenario 6,Spain,Secondary Energy|Hydrogen,EJ/yr,2023,10.0
FORECAST-Sites,Scenario 6,Spain,Secondary Energy|Hydrogen,EJ/yr,2024,10.0
FORECAST-Sites,Scenario 6,Spain,Secondary Energy|Hydrogen,EJ/yr,2025,10.0
FORECAST-Sites,Scenario 6,Spain,Secondary Energy|Hydrogen,EJ/yr,2026,10.0
FORECAST-Sites,Scenario 6,Spain,Secondary Energy|Hydrogen,EJ/yr,2027,10.0
FORECAST-Sites,Scenario 6,Spain,Secondary Energy|Hydrogen,EJ/yr,2028,10.0
FORECAST-Sites,Scenario 6,Spain,Secondary Energy|Hydrogen,EJ/yr,2029,10.0
FORECAST-Sites,Scenario 6,Spain,Secondary Energy|Hydrogen,EJ/yr,2030,10.0
FORECAST-Sites,Scenario 6,Spain,Secondary Energy|Hydrogen,EJ/yr,2031,10.0
FORECAST-Sites,Scenario 6,Spain,Secondary Energy|Hydrogen,EJ/yr,2032,10.0
FORECAST-Sites,Scenario 6,Spain,Secondary Energy|Hydrogen,EJ/yr,2033,10.0
FORECAST-Sites,Scenario 6,Spain,Secondary Energy|Hydrogen,EJ/yr,2034,10.0
FORECAST-Sites,Scenario 6,Spain,Secondary Energy|Hydrogen,EJ/yr,2035,10.0
FORECAST-Sites,Scenario 6,Spain,Secondary Energy|Hydrogen,EJ/yr,2036,10.0
FORECAST-Sites,Scenario 6,Spain,Secondary Energy|Hydrogen,EJ/yr,2037,10.0
FORECAST-Sites,Scenario 6,Spain,Secondary Energy|Hydrogen,EJ/yr,2038,10.0
FORECAST-Sites,Scenario 6,Spain,Secondary Energy|Hydrogen,EJ/yr,2039,10.0
FORECAST-Sites,Scenario 6,Spain,Secondary Energy|Hydrogen,EJ/yr,2040,10.0
FORECAST-Sites,Scenario 6,Spain,Secondary Energy|Hydrogen,EJ/yr,2041,10.0
FORECAST-Sites,Scenario 6,Spain,Secondary Energy|Hydrogen,EJ/yr,2042,10.0
FORECAST-Sites,Scenario 6,Spain,Secondary Energy|Hydrogen,EJ/yr,2043,10.0
FORECAST-Sites,Scenario 6,Spain,Secondary Energy|Hydrogen,EJ/yr,2044,10.0
FORECAST-Sites,Scenario 6,Spain,Secondary Energy|Hydrogen,EJ/yr,2045,10.0
FORECAST-Sites,Scenario 6,Spain,Secondary Energy|Hydrogen,EJ/yr,2046,10.0
FORECAST-Sites,Scenario 6,Spain,Secondary Energy|Hydrogen,EJ/yr,2047,10.0
FORECAST-Sites,Scenario 6,Spain,Secondary Energy|Hydrogen,EJ/yr,2048,10.0
FORECAST-Sites,Scenario 6,Spain,Secondary Energy|Hydrogen,EJ/yr,2049,10.0
FORECAST-Sites,Scenario 6,Spain,Secondary Energy|Hydrogen,EJ/yr,2050,10.0
FORECAST-Sites,Scenario 6,Spain,Secondary Energy|Liquids|Biomass,EJ/yr,2015,10.0
FORECAST-Sites,Scenario 6,Spain,Secondary Energy|Liquids|Biomass,EJ/yr,2016,10.0
FORECAST-Sites,Scenario 6,Spain,Secondary Energy|Liquids|Biomass,EJ/yr,2017,10.0
FORECAST-Sites,Scenario 6,Spain,Secondary Energy|Liquids|Biomass,EJ/yr,2018,10.0
FORECAST-Sites,Scenario 6,Spain,Secondary Energy|Liquids|Biomass,EJ/yr,2019,10.0
FORECAST-Sites,Scenario 6,Spain,Secondary Energy|Liquids|Biomass,EJ/yr,2020,10.0
FORECAST-Sites,Scenario 6,Spain,Secondary Energy|Liquids|Biomass,EJ/yr,2021,10.0
FORECAST-Sites,Scenario 6,Spain,Secondary Energy|Liquids|Biomass,EJ/yr,2022,10.0
FORECAST-Sites,Scenario 6,Spain,Secondary Energy|Liquids|Biomass,EJ/yr,2023,10.0
FORECAST-Sites,Scenario 6,Spain,Secondary Energy|Liquids|Biomass,EJ/yr,2024,10.0
FORECAST-Sites,Scenario 6,Spain,Secondary Energy|Liquids|Biomass,EJ/yr,2025,10.0
FORECAST-Sites,Scenario 6,Spain,Secondary Energy|Liquids|Biomass,EJ/yr,2026,10.0
FORECAST-Sites,Scenario 6,Spain,Secondary Energy|Liquids|Biomass,EJ/yr,2027,10.0
FORECAST-Sites,Scenario 6,Spain,Secondary Energy|Liquids|Biomass,EJ/yr,2028,10.0
FORECAST-Sites,Scenario 6,Spain,Secondary Energy|Liquids|Biomass,EJ/yr,2029,10.0
FORECAST-Sites,Scenario 6,Spain,Secondary Energy|Liquids|Biomass,EJ/yr,2030,10.0
FORECAST-Sites,Scenario 6,Spain,Secondary Energy|Liquids|Biomass,EJ/yr,2031,10.0
FORECAST-Sites,Scenario 6,Spain,Secondary Energy|Liquids|Biomass,EJ/yr,2032,10.0
FORECAST-Sites,Scenario 6,Spain,Secondary Energy|Liquids|Biomass,EJ/yr,2033,10.0
FORECAST-Sites,Scenario 6,Spain,Secondary Energy|Liquids|Biomass,EJ/yr,2034,10.0
FORECAST-Sites,Scenario 6,Spain,Secondary Energy|Liquids|Biomass,EJ/yr,2035,10.0
FORECAST-Sites,Scenario 6,Spain,Secondary Energy|Liquids|Biomass,EJ/yr,2036,10.0
FORECAST-Sites,Scenario 6,Spain,Secondary Energy|Liquids|Biomass,EJ/yr,2037,10.0
FORECAST-Sites,Scenario 6,Spain,Secondary Energy|Liquids|Biomass,EJ/yr,2038,10.0
FORECAST-Sites,Scenario 6,Spain,Secondary Energy|Liquids|Biomass,EJ/yr,2039,10.0
FORECAST-Sites,Scenario 6,Spain,Secondary Energy|Liquids|Biomass,EJ/yr,2040,10.0
FORECAST-Sites,Scenario 6,Spain,Secondary Energy|Liquids|Biomass,EJ/yr,2041,10.0
FORECAST-Sites,Scenario 6,Spain,Secondary Energy|Liquids|Biomass,EJ/yr,2042,10.0
FORECAST-Sites,Scenario 6,Spain,Secondary Energy|Liquids|Biomass,EJ/yr,2043,10.0
FORECAST-Sites,Scenario 6,Spain,Secondary Energy|Liquids|Biomass,EJ/yr,2044,10.0
FORECAST-Sites,Scenario 6,Spain,Secondary Energy|Liquids|Biomass,EJ/yr,2045,10.0
FORECAST-Sites,Scenario 6,Spain,Secondary Energy|Liquids|Biomass,EJ/yr,2046,10.0
FORECAST-Sites,Scenario 6,Spain,Secondary Energy|Liquids|Biomass,EJ/yr,2047,10.0
FORECAST-Sites,Scenario 6,Spain,Secondary Energy|Liquids|Biomass,EJ/yr,2048,10.0
FORECAST-Sites,Scenario 6,Spain,Secondary Energy|Liquids|Biomass,EJ/yr,2049,10.0
FORECAST-Sites,Scenario 6,Spain,Secondary Energy|Liquids|Biomass,EJ/yr,2050,10.0
FORECAST-Sites,Scenario 6,Spain,Price|Carbon,EUR/t CO2,2015,6.3
FORECAST-Sites,Scenario 6,Spain,Price|Carbon,EUR/t CO2,2016,6.8
FORECAST-Sites,Scenario 6,Spain,Price|Carbon,EUR/t CO2,2017,18.3
FORECAST-Sites,Scenario 6,Spain,Price|Carbon,EUR/t CO2,2018,27.9
FORECAST-Sites,Scenario 6,Spain,Price|Carbon,EUR/t CO2,2019,28.6
FORECAST-Sites,Scenario 6,Spain,Price|Carbon,EUR/t CO2,2020,59.7
FORECAST-Sites,Scenario 6,Spain,Price|Carbon,EUR/t CO2,2021,84.7
FORECAST-Sites,Scenario 6,Spain,Price|Carbon,EUR/t CO2,2022,85.7
FORECAST-Sites,Scenario 6,Spain,Price|Carbon,EUR/t CO2,2023,65.1
FORECAST-Sites,Scenario 6,Spain,Price|Carbon,EUR/t CO2,2024,70.1
FORECAST-Sites,Scenario 6,Spain,Price|Carbon,EUR/t CO2,2025,80.0
FORECAST-Sites,Scenario 6,Spain,Price|Carbon,EUR/t CO2,2026,96.45
FORECAST-Sites,Scenario 6,Spain,Price|Carbon,EUR/t CO2,2027,112.9
FORECAST-Sites,Scenario 6,Spain,Price|Carbon,EUR/t CO2,2028,129.35
FORECAST-Sites,Scenario 6,Spain,Price|Carbon,EUR/t CO2,2029,145.8
FORECAST-Sites,Scenario 6,Spain,Price|Carbon,EUR/t CO2,2030,162.25
FORECAST-Sites,Scenario 6,Spain,Price|Carbon,EUR/t CO2,2031,178.7
FORECAST-Sites,Scenario 6,Spain,Price|Carbon,EUR/t CO2,2032,195.15
FORECAST-Sites,Scenario 6,Spain,Price|Carbon,EUR/t CO2,2033,211.6
FORECAST-Sites,Scenario 6,Spain,Price|Carbon,EUR/t CO2,2034,228.05
FORECAST-Sites,Scenario 6,Spain,Price|Carbon,EUR/t CO2,2035,244.5
FORECAST-Sites,Scenario 6,Spain,Price|Carbon,EUR/t CO2,2036,260.95
FORECAST-Sites,Scenario 6,Spain,Price|Carbon,EUR/t CO2,2037,277.4
FORECAST-Sites,Scenario 6,Spain,Price|Carbon,EUR/t CO2,2038,293.85
FORECAST-Sites,Scenario 6,Spain,Price|Carbon,EUR/t CO2,2039,310.3
FORECAST-Sites,Scenario 6,Spain,Price|Carbon,EUR/t CO2,2040,326.75
FORECAST-Sites,Scenario 6,Spain,Price|Carbon,EUR/t CO2,2041,343.2
FORECAST-Sites,Scenario 6,Spain,Price|Carbon,EUR/t CO2,2042,359.65
FORECAST-Sites,Scenario 6,Spain,Price|Carbon,EUR/t CO2,2043,376.1
FORECAST-Sites,Scenario 6,Spain,Price|Carbon,EUR/t CO2,2044,392.55
FORECAST-Sites,Scenario 6,Spain,Price|Carbon,EUR/t CO2,2045,409.0
FORECAST-Sites,Scenario 6,Spain,Price|Carbon,EUR/t CO2,2046,397.0
FORECAST-Sites,Scenario 6,Spain,Price|Carbon,EUR/t CO2,2047,385.0
FORECAST-Sites,Scenario 6,Spain,Price|Carbon,EUR/t CO2,2048,373.0
FORECAST-Sites,Scenario 6,Spain,Price|Carbon,EUR/t CO2,2049,361.0
FORECAST-Sites,Scenario 6,Spain,Price|Carbon,EUR/t CO2,2050,349.0
